{
  "version": 1,
  "author": "Anonymous maker",
  "editor": "wokwi",
  "parts": [
    { "type": "wokwi-esp32-devkit-v1", "id": "esp", "top": 0, "left": 0, "attrs": {} },
    {
      "type": "wokwi-led",
      "id": "led1",
      "top": 19.38,
      "left": -67.56,
      "attrs": { "color": "red" }
    }
  ],
  "connections": [
    [ "esp:TX0", "$serialMonitor:RX", "", [] ],
    [ "esp:RX0", "$serialMonitor:TX", "", [] ],
    [ "esp:GND.2", "led1:C", "black", [ "h0" ] ],
    [ "led1:A", "esp:D33", "green", [ "v38.62", "h47.56" ] ]
  ],
  "dependencies": {}
}